% Model,Untitled.mph
% Version,COMSOL 5.5.0.359
% Date,"May 11 2020, 08:51"
% Table,Accumulated Probe Table 2 - 
% show_air,frequency (Hz),I (A),Time (s) (s),"Three Layer force, x component (N), Three Layer Force X Probe","Economic force, x component (N), Economic Force X Probe","Two Layer force, x component (N), Three Layer Force X Probe 3","One Layer force, x component (N), Three Layer Force X Probe 1","Economic force 14 tooth, x component (N), Economic Force X Probe 2"
1,80,1,0,0,0,0,0,-0.012028473822297115
1,80,1,6.250000000000001E-4,0,0,0,0,-0.040073073096020914
1,80,1,0.0012500000000000002,0,0,0,0,-0.06486924918770302
1,80,1,0.0018750000000000004,0,0,0,0,-0.07894984761024884
1,80,1,0.0025000000000000005,0,0,0,0,-0.08512119918251507
1,80,1,0.0031250000000000006,0,0,0,0,-0.08663363614091414
1,80,1,0.0037500000000000007,0,0,0,0,-0.08559566797243987
1,80,1,0.004375,0,0,0,0,-0.08279580587536607
1,80,1,0.005000000000000001,0,0,0,0,-0.07896400265268033
1,80,1,0.0056250000000000015,0,0,0,0,-0.0750090883096265
1,80,1,0.006250000000000001,0,0,0,0,-0.07201901596670511
1,80,1,0.006875000000000001,0,0,0,0,-0.0703494134885528
1,80,1,0.0075000000000000015,0,0,0,0,-0.07010563732845335
1,80,1,0.008125000000000002,0,0,0,0,-0.07085457556897026
1,80,1,0.00875,0,0,0,0,-0.07215494790710389
1,80,1,0.009375000000000001,0,0,0,0,-0.07352488016558562
1,80,1,0.010000000000000002,0,0,0,0,-0.07448740364236657
1,80,1,0.010625000000000002,0,0,0,0,-0.07477261025951029
1,80,1,0.011250000000000003,0,0,0,0,-0.07442761989466466
1,80,1,0.011875000000000002,0,0,0,0,-0.07375739397876498
1,80,1,0.012500000000000002,0,0,0,0,-0.07317060841052053
1,80,1,0.013125000000000003,0,0,0,0,-0.07301885463704766
1,80,1,0.013750000000000004,0,0,0,0,-0.073489729628855
1,80,1,0.014375000000000002,0,0,0,0,-0.07443884615145871
1,80,1,0.015000000000000003,0,0,0,0,-0.07518133329943402
1,80,1,0.015625000000000003,0,0,0,0,-0.07224860407617045
1,80,1,0.016250000000000004,0,0,0,0,-0.06630081096489335
1,80,1,0.016875000000000005,0,0,0,0,-0.0650775521707202
1,80,1,0.0175,0,0,0,0,-0.06276262587050165
1,80,1,0.018125000000000002,0,0,0,0,-0.060350730748615834
1,80,1,0.018750000000000003,0,0,0,0,-0.05891119867036345
1,80,1,0.019375000000000003,0,0,0,0,-0.05855441876871938
1,80,1,0.020000000000000004,0,0,0,0,-0.06144986114640848
1,80,1,0.020625000000000004,0,0,0,0,-0.06591419917973804
1,80,1,0.021250000000000005,0,0,0,0,-0.07012616413763523
1,80,1,0.021875000000000006,0,0,0,0,-0.07328260028383318
1,80,1,0.022500000000000006,0,0,0,0,-0.07513586468845551
1,80,1,0.023125000000000003,0,0,0,0,-0.07580513872188464
1,80,1,0.023750000000000004,0,0,0,0,-0.07549654738850767
1,80,1,0.024375000000000004,0,0,0,0,-0.07470811852670274
1,80,1,0.025000000000000005,0,0,0,0,-0.07393828752010134
1,80,2,0,0,0,0,0,-0.04811389528918589
1,80,2,6.250000000000001E-4,0,0,0,0,-0.16029229236953263
1,80,2,0.0012500000000000002,0,0,0,0,-0.259476996706887
1,80,2,0.0018750000000000004,0,0,0,0,-0.3157993903903474
1,80,2,0.0025000000000000005,0,0,0,0,-0.34048479667666903
1,80,2,0.0031250000000000006,0,0,0,0,-0.3465345445169701
1,80,2,0.0037500000000000007,0,0,0,0,-0.34238267186548615
1,80,2,0.004375,0,0,0,0,-0.33118322350683416
1,80,2,0.005000000000000001,0,0,0,0,-0.31585601064224056
1,80,2,0.0056250000000000015,0,0,0,0,-0.30003635328331363
1,80,2,0.006250000000000001,0,0,0,0,-0.2880760638938454
1,80,2,0.006875000000000001,0,0,0,0,-0.2813976539505609
1,80,2,0.0075000000000000015,0,0,0,0,-0.28041337190986376
1,80,2,0.008125000000000002,0,0,0,0,-0.2833913700279849
1,80,2,0.00875,0,0,0,0,-0.2886296324544768
1,80,2,0.009375000000000001,0,0,0,0,-0.29407588078381386
1,80,2,0.010000000000000002,0,0,0,0,-0.2979289204230154
1,80,2,0.010625000000000002,0,0,0,0,-0.2990785204451065
1,80,2,0.011250000000000003,0,0,0,0,-0.2977009905077294
1,80,2,0.011875000000000002,0,0,0,0,-0.2950213852639502
1,80,2,0.012500000000000002,0,0,0,0,-0.2926772403356726
1,80,2,0.013125000000000003,0,0,0,0,-0.2920734924041031
1,80,2,0.013750000000000002,0,0,0,0,-0.29392220719520123
1,80,2,0.014375000000000002,0,0,0,0,-0.29773528975536906
1,80,2,0.015000000000000003,0,0,0,0,-0.30211227189882883
1,80,2,0.015625000000000003,0,0,0,0,-0.3053502278747915
1,80,2,0.016250000000000004,0,0,0,0,-0.3060013860215449
1,80,2,0.016875000000000005,0,0,0,0,-0.3040887182729977
1,80,2,0.0175,0,0,0,0,-0.3017534415375286
1,80,2,0.018125000000000002,0,0,0,0,-0.300262190334211
1,80,2,0.018750000000000003,0,0,0,0,-0.29968154872366004
1,80,2,0.019375000000000003,0,0,0,0,-0.30336624227276093
1,80,2,0.020000000000000004,0,0,0,0,-0.31189082130762874
1,80,2,0.020625000000000004,0,0,0,0,-0.32519469318735716
1,80,2,0.021250000000000005,0,0,0,0,-0.3424196706358053
1,80,2,0.021875000000000006,0,0,0,0,-0.360592084607338
1,80,2,0.022500000000000006,0,0,0,0,-0.37829113584650176
1,80,2,0.023125000000000003,0,0,0,0,-0.39480338715970287
1,80,2,0.023750000000000004,0,0,0,0,-0.410350285699955
1,80,2,0.024375000000000004,0,0,0,0,-0.42614213388982564
1,80,2,0.025000000000000005,0,0,0,0,-0.4439598531727193
1,80,3,0,0,0,0,0,-0.10825626440066885
1,80,3,6.250000000000001E-4,0,0,0,0,-0.3606576578606524
1,80,3,0.0012500000000000002,0,0,0,0,-0.5851713255606761
1,80,3,0.0018750000000000004,0,0,0,0,-0.7103973966912556
1,80,3,0.0025000000000000005,0,0,0,0,-0.7660706073307747
1,80,3,0.0031250000000000006,0,0,0,0,-0.7796608993284005
1,80,3,0.0037500000000000007,0,0,0,0,-0.7704972859665559
1,80,3,0.004375,0,0,0,0,-0.7469581155944883
1,80,3,0.005000000000000001,0,0,0,0,-0.7158543894790143
1,80,3,0.0056250000000000015,0,0,0,0,-0.6837460943092422
1,80,3,0.006250000000000001,0,0,0,0,-0.6562390513669366
1,80,3,0.006875000000000001,0,0,0,0,-0.6396628005157432
1,80,3,0.0075000000000000015,0,0,0,0,-0.6356504935135275
1,80,3,0.008125000000000002,0,0,0,0,-0.6409519903152144
1,80,3,0.00875,0,0,0,0,-0.6522147181024152
1,80,3,0.009375000000000001,0,0,0,0,-0.664848062612603
1,80,3,0.010000000000000002,0,0,0,0,-0.6731620351535433
1,80,3,0.010625000000000002,0,0,0,0,-0.6746891820548908
1,80,3,0.011250000000000003,0,0,0,0,-0.6707286788767476
1,80,3,0.011875000000000002,0,0,0,0,-0.6653073819780458
1,80,3,0.012500000000000002,0,0,0,0,-0.66140259512805
1,80,3,0.013125000000000003,0,0,0,0,-0.6612734616074931
1,80,3,0.013750000000000002,0,0,0,0,-0.6660869476736041
1,80,3,0.014375000000000002,0,0,0,0,-0.6749767472310627
1,80,3,0.015000000000000003,0,0,0,0,-0.6840014582082793
1,80,3,0.015625000000000003,0,0,0,0,-0.6897173981340984
1,80,3,0.016250000000000004,0,0,0,0,-0.6896207027184436
1,80,3,0.016875000000000005,0,0,0,0,-0.6833428687637748
1,80,3,0.0175,0,0,0,0,-0.6718334234489813
1,80,3,0.018125000000000002,0,0,0,0,-0.6581498074835826
1,80,3,0.018750000000000003,0,0,0,0,-0.6465986775690121
1,80,3,0.019375000000000003,0,0,0,0,-0.6408609174832378
1,80,3,0.020000000000000004,0,0,0,0,-0.6426882269944331
1,80,3,0.020625000000000004,0,0,0,0,-0.6509076462602473
1,80,3,0.021250000000000005,0,0,0,0,-0.6623850300541128
1,80,3,0.021875000000000006,0,0,0,0,-0.6728721210050695
1,80,3,0.022500000000000006,0,0,0,0,-0.6862369967239386
1,80,3,0.023125000000000003,0,0,0,0,-0.7172335250614
1,80,3,0.023750000000000004,0,0,0,0,-0.768183278055445
1,80,3,0.024375000000000004,0,0,0,0,-0.8403272755641287
1,80,3,0.025000000000000005,0,0,0,0,-0.9406869684836351
1,80,4,0,0,0,0,0,-0.19245558115674288
1,80,4,6.250000000000001E-4,0,0,0,0,-0.6411691694983325
1,80,4,0.0012500000000000002,0,0,0,0,-1.0379370800915624
1,80,4,0.0018750000000000004,0,0,0,0,-1.2638393662147829
1,80,4,0.0025000000000000005,0,0,0,0,-1.3625183900296174
1,80,4,0.0031250000000000006,0,0,0,0,-1.3863867354795905
1,80,4,0.0037500000000000007,0,0,0,0,-1.3682599859213453
1,80,4,0.004375,0,0,0,0,-1.3231866788468678
1,80,4,0.005000000000000001,0,0,0,0,-1.263756294045523
1,80,4,0.0056250000000000015,0,0,0,0,-1.2045790041877795
1,80,4,0.006250000000000001,0,0,0,0,-1.1572697738310491
1,80,4,0.006875000000000001,0,0,0,0,-1.1292537594396026
1,80,4,0.0075000000000000015,0,0,0,0,-1.1244537984238003
1,80,4,0.008125000000000002,0,0,0,0,-1.1363818682567426
1,80,4,0.00875,0,0,0,0,-1.1565957800656765
1,80,4,0.009375000000000001,0,0,0,0,-1.1773900063544809
1,80,4,0.010000000000000002,0,0,0,0,-1.1922224431223756
1,80,4,0.010625000000000002,0,0,0,0,-1.1968215646865925
1,80,4,0.011250000000000003,0,0,0,0,-1.1912692618794554
1,80,4,0.011875000000000002,0,0,0,0,-1.1802810942834199
1,80,4,0.012500000000000002,0,0,0,0,-1.170772596210221
1,80,4,0.013125000000000003,0,0,0,0,-1.1684756199519182
1,80,4,0.013750000000000002,0,0,0,0,-1.1756783975749108
1,80,4,0.014375000000000002,0,0,0,0,-1.1906431102446962
1,80,4,0.015000000000000003,0,0,0,0,-1.2081093110382315
1,80,4,0.015625000000000003,0,0,0,0,-1.2212467408969945
1,80,4,0.016250000000000004,0,0,0,0,-1.2239409813393496
1,80,4,0.016875000000000005,0,0,0,0,-1.2040060194782944
1,80,4,0.0175,0,0,0,0,-1.1302970540061081
1,80,4,0.018125000000000002,0,0,0,0,-0.9901207678506697
1,80,4,0.018750000000000003,0,0,0,0,-0.9694807578236366
1,80,4,0.019375000000000003,0,0,0,0,-0.9490114046238107
1,80,4,0.020000000000000004,0,0,0,0,-0.939648380546949
1,80,4,0.020625000000000004,0,0,0,0,-0.955425691436714
1,80,4,0.021250000000000005,0,0,0,0,-0.978638889201166
1,80,4,0.021875000000000006,0,0,0,0,-1.055658356374432
1,80,4,0.022500000000000006,0,0,0,0,-1.119793265139949
1,80,4,0.023125000000000003,0,0,0,0,-1.1627213533197938
1,80,4,0.023750000000000004,0,0,0,0,-1.1830043573889788
1,80,4,0.024375000000000004,0,0,0,0,-1.185929191513036
1,80,4,0.025000000000000005,0,0,0,0,-1.1802941503394666
1,80,5,0,0,0,0,0,-0.3007118455574349
1,80,5,6.250000000000001E-4,0,0,0,0,-1.0018268273922142
1,80,5,0.0012500000000000002,0,0,0,0,-1.6245101977162906
1,80,5,0.0018750000000000004,0,0,0,0,-1.9742300844456404
1,80,5,0.0025000000000000005,0,0,0,0,-2.1225113522236816
1,80,5,0.0031250000000000006,0,0,0,0,-2.158625404189053
1,80,5,0.0037500000000000007,0,0,0,0,-2.1202520109576755
1,80,5,0.004375,0,0,0,0,-2.0569256131318774
1,80,5,0.005000000000000001,0,0,0,0,-1.9738529342935216
1,80,5,0.0056250000000000015,0,0,0,0,-1.9026680242177527
1,80,5,0.006250000000000001,0,0,0,0,-1.8365587814561448
1,80,5,0.006875000000000001,0,0,0,0,-1.7970104955702202
1,80,5,0.0075000000000000015,0,0,0,0,-1.785659052891407
1,80,5,0.008125000000000002,0,0,0,0,-1.795128076197324
1,80,5,0.00875,0,0,0,0,-1.8206871691239657
1,80,5,0.009375000000000001,0,0,0,0,-1.851286403079478
1,80,5,0.010000000000000002,0,0,0,0,-1.8740377203141445
1,80,5,0.010625000000000002,0,0,0,0,-1.881142755055378
1,80,5,0.011250000000000003,0,0,0,0,-1.8729364448461776
1,80,5,0.011875000000000002,0,0,0,0,-1.856522321209285
1,80,5,0.012500000000000002,0,0,0,0,-1.8421505218716623
1,80,5,0.013125000000000003,0,0,0,0,-1.8388185252019127
1,80,5,0.013750000000000002,0,0,0,0,-1.850523980246267
1,80,5,0.014375000000000002,0,0,0,0,-1.8745368065466343
1,80,5,0.015000000000000003,0,0,0,0,-1.899435185031719
1,80,5,0.015625000000000003,0,0,0,0,-1.9153689485385614
1,80,5,0.016250000000000004,0,0,0,0,-1.9156483526902945
1,80,5,0.016875000000000005,0,0,0,0,-1.898048867332118
1,80,5,0.0175,0,0,0,0,-1.8658816534546148
1,80,5,0.018125000000000002,0,0,0,0,-1.827943134270632
1,80,5,0.018750000000000003,0,0,0,0,-1.796008247477645
1,80,5,0.019375000000000003,0,0,0,0,-1.7803303171727891
1,80,5,0.020000000000000004,0,0,0,0,-1.785256856961489
1,80,5,0.020625000000000004,0,0,0,0,-1.8083816834704385
1,80,5,0.021250000000000005,0,0,0,0,-1.8402566442527486
1,80,5,0.021875000000000006,0,0,0,0,-1.869336868775951
1,80,5,0.022500000000000006,0,0,0,0,-1.8910292599920413
1,80,5,0.023125000000000003,0,0,0,0,-1.9129618230625796
1,80,5,0.023750000000000004,0,0,0,0,-1.9403402555194098
1,80,5,0.024375000000000004,0,0,0,0,-1.9743081045038033
1,80,5,0.025000000000000005,0,0,0,0,-2.0181335580726825
1,80,6,0,0,0,0,0,-0.4330250576026932
1,80,6,6.250000000000001E-4,0,0,0,0,-1.4426306312672772
1,80,6,0.0012500000000000002,0,0,0,0,-2.3352929703917638
1,80,6,0.0018750000000000004,0,0,0,0,-2.8421945135197895
1,80,6,0.0025000000000000005,0,0,0,0,-3.064363170234057
1,80,6,0.0031250000000000006,0,0,0,0,-3.11881090096324
1,80,6,0.0037500000000000007,0,0,0,0,-3.0814440471166833
1,80,6,0.004375,0,0,0,0,-2.980649011750315
1,80,6,0.005000000000000001,0,0,0,0,-2.842704095584951
1,80,6,0.0056250000000000015,0,0,0,0,-2.700327179054321
1,80,6,0.006250000000000001,0,0,0,0,-2.592684574050046
1,80,6,0.006875000000000001,0,0,0,0,-2.532578884560615
1,80,6,0.0075000000000000015,0,0,0,0,-2.523720346385519
1,80,6,0.008125000000000002,0,0,0,0,-2.5507671551058997
1,80,6,0.00875,0,0,0,0,-2.5975561103312628
1,80,6,0.009375000000000001,0,0,0,0,-2.646870022413276
1,80,6,0.010000000000000002,0,0,0,0,-2.6815230578834806
1,80,6,0.010625000000000002,0,0,0,0,-2.691795719512822
1,80,6,0.011250000000000003,0,0,0,0,-2.679231792172976
1,80,6,0.011875000000000002,0,0,0,0,-2.6552398484442548
1,80,6,0.012500000000000002,0,0,0,0,-2.633934531781215
1,80,6,0.013125000000000003,0,0,0,0,-2.628678676658826
1,80,6,0.013750000000000002,0,0,0,0,-2.6451412981447855
1,80,6,0.014375000000000002,0,0,0,0,-2.6799575962270614
1,80,6,0.015000000000000003,0,0,0,0,-2.725005015914662
1,80,6,0.015625000000000003,0,0,0,0,-2.7643447548804327
1,80,6,0.016250000000000004,0,0,0,0,-2.781774583911
1,80,6,0.016875000000000005,0,0,0,0,-2.748397741945784
1,80,6,0.0175,0,0,0,0,-2.6875433199494156
1,80,6,0.018125000000000002,0,0,0,0,-2.623008234158817
1,80,6,0.018750000000000003,0,0,0,0,-2.5730899834890213
1,80,6,0.019375000000000003,0,0,0,0,-2.549753413636833
1,80,6,0.020000000000000004,0,0,0,0,-2.557223947478927
1,80,6,0.020625000000000004,0,0,0,0,-2.591157862144123
1,80,6,0.021250000000000005,0,0,0,0,-2.6439090983999316
1,80,6,0.021875000000000006,0,0,0,0,-2.6948485665460757
1,80,6,0.022500000000000006,0,0,0,0,-2.7286539347251537
1,80,6,0.023125000000000003,0,0,0,0,-2.7358841807980854
1,80,6,0.023750000000000004,0,0,0,0,-2.7170355433167
1,80,6,0.024375000000000004,0,0,0,0,-2.684566651886426
1,80,6,0.025000000000000005,0,0,0,0,-2.655647481881174
1,80,7,0,0,0,0,0,-0.5893952172925364
1,80,7,6.250000000000001E-4,0,0,0,0,-1.9635805814362302
1,80,7,0.0012500000000000002,0,0,0,0,-3.1832289661493003
1,80,7,0.0018750000000000004,0,0,0,0,-3.868079310345289
1,80,7,0.0025000000000000005,0,0,0,0,-4.169445284785481
1,80,7,0.0031250000000000006,0,0,0,0,-4.248335618077004
1,80,7,0.0037500000000000007,0,0,0,0,-4.203135932421312
1,80,7,0.004375,0,0,0,0,-4.071590408579433
1,80,7,0.005000000000000001,0,0,0,0,-3.8824788720611445
1,80,7,0.0056250000000000015,0,0,0,0,-3.7071660679269436
1,80,7,0.006250000000000001,0,0,0,0,-3.5733165906460402
1,80,7,0.006875000000000001,0,0,0,0,-3.4924176370606825
1,80,7,0.0075000000000000015,0,0,0,0,-3.472907559456561
1,80,7,0.008125000000000002,0,0,0,0,-3.5033664115240506
1,80,7,0.00875,0,0,0,0,-3.5634623078108176
1,80,7,0.009375000000000001,0,0,0,0,-3.628270396205354
1,80,7,0.010000000000000002,0,0,0,0,-3.6744438779112136
1,80,7,0.010625000000000002,0,0,0,0,-3.6888195161908985
1,80,7,0.011250000000000003,0,0,0,0,-3.6727329890090923
1,80,7,0.011875000000000002,0,0,0,0,-3.6402728606026526
1,80,7,0.012500000000000002,0,0,0,0,-3.6116888129751152
1,80,7,0.013125000000000003,0,0,0,0,-3.6047521263737043
1,80,7,0.013750000000000002,0,0,0,0,-3.6273628932349693
1,80,7,0.014375000000000002,0,0,0,0,-3.6741858619070635
1,80,7,0.015000000000000003,0,0,0,0,-3.728578860364516
1,80,7,0.015625000000000003,0,0,0,0,-3.7690534267080347
1,80,7,0.016250000000000004,0,0,0,0,-3.7777628682433213
1,80,7,0.016875000000000005,0,0,0,0,-3.7477289560084097
1,80,7,0.0175,0,0,0,0,-3.6800948575203005
1,80,7,0.018125000000000002,0,0,0,0,-3.5962991129037056
1,80,7,0.018750000000000003,0,0,0,0,-3.525413317691974
1,80,7,0.019375000000000003,0,0,0,0,-3.490127467816999
1,80,7,0.020000000000000004,0,0,0,0,-3.4985983763305715
1,80,7,0.020625000000000004,0,0,0,0,-3.5436042946263537
1,80,7,0.021250000000000005,0,0,0,0,-3.6064458502032757
1,80,7,0.021875000000000006,0,0,0,0,-3.6640740382776116
1,80,7,0.022500000000000006,0,0,0,0,-3.6958028621643235
1,80,7,0.023125000000000003,0,0,0,0,-3.685831841017195
1,80,7,0.023750000000000004,0,0,0,0,-3.312125520578239
1,80,7,0.024375000000000004,0,0,0,0,-1.1692501936421098
1,80,7,0.025000000000000005,0,0,0,0,5.338239762552671
1,80,8,0,0,0,0,0,-0.7698223246269741
1,80,8,6.250000000000001E-4,0,0,0,0,-2.564676678088234
1,80,8,0.0012500000000000002,0,0,0,0,-4.151509722797808
1,80,8,0.0018750000000000004,0,0,0,0,-5.0494988844444535
1,80,8,0.0025000000000000005,0,0,0,0,-5.446503009191056
1,80,8,0.0031250000000000006,0,0,0,0,-5.5374996358516615
1,80,8,0.0037500000000000007,0,0,0,0,-5.452256391199489
1,80,8,0.004375,0,0,0,0,-5.268905461548238
1,80,8,0.005000000000000001,0,0,0,0,-5.0394826821990515
1,80,8,0.0056250000000000015,0,0,0,0,-4.812966152459064
1,80,8,0.006250000000000001,0,0,0,0,-4.631685004277675
1,80,8,0.006875000000000001,0,0,0,0,-4.522523179197913
1,80,8,0.0075000000000000015,0,0,0,0,-4.493756488241586
1,80,8,0.008125000000000002,0,0,0,0,-4.533877917724319
1,80,8,0.00875,0,0,0,0,-4.615473295619007
1,80,8,0.009375000000000001,0,0,0,0,-4.710761607479742
1,80,8,0.010000000000000002,0,0,0,0,-4.784760471094126
1,80,8,0.010625000000000002,0,0,0,0,-4.811001531881077
1,80,8,0.011250000000000003,0,0,0,0,-4.788850849183974
1,80,8,0.011875000000000002,0,0,0,0,-4.748882795832498
1,80,8,0.012500000000000002,0,0,0,0,-4.702527484108617
1,80,8,0.013125000000000003,0,0,0,0,-4.680249117104565
1,80,8,0.013750000000000002,0,0,0,0,-4.700208487274517
1,80,8,0.014375000000000002,0,0,0,0,-4.754868181292381
1,80,8,0.015000000000000003,0,0,0,0,-4.821807473992999
1,80,8,0.015625000000000003,0,0,0,0,-4.873359182368703
1,80,8,0.016250000000000004,0,0,0,0,-4.886424500026449
1,80,8,0.016875000000000005,0,0,0,0,-4.841627220393103
1,80,8,0.0175,0,0,0,0,-4.771759454409779
1,80,8,0.018125000000000002,0,0,0,0,-4.693457743319978
1,80,8,0.018750000000000003,0,0,0,0,-4.629662210623008
1,80,8,0.019375000000000003,0,0,0,0,-4.605729157993501
1,80,8,0.020000000000000004,0,0,0,0,-4.629961048621573
1,80,8,0.020625000000000004,0,0,0,0,-4.694110409575098
1,80,8,0.021250000000000005,0,0,0,0,-4.762310863239247
1,80,8,0.021875000000000006,0,0,0,0,-4.821873889924159
1,80,8,0.022500000000000006,0,0,0,0,-4.851603938580631
1,80,8,0.023125000000000003,0,0,0,0,-4.840735235757288
1,80,8,0.023750000000000004,0,0,0,0,-4.788964193086886
1,80,8,0.024375000000000004,0,0,0,0,-4.72277324260288
1,80,8,0.025000000000000005,0,0,0,0,-4.676333941507579
1,80,9,0,0,0,0,0,-0.9743063796060127
1,80,9,6.250000000000001E-4,0,0,0,0,-3.245918920603084
1,80,9,0.0012500000000000002,0,0,0,0,-5.267465251925511
1,80,9,0.0018750000000000004,0,0,0,0,-6.405420213454278
1,80,9,0.0025000000000000005,0,0,0,0,-6.893284912460426
1,80,9,0.0031250000000000006,0,0,0,0,-7.001656295977541
1,80,9,0.0037500000000000007,0,0,0,0,-6.885051811768197
1,80,9,0.004375,0,0,0,0,-6.6347230062811136
1,80,9,0.005000000000000001,0,0,0,0,-6.354289822440934
1,80,9,0.0056250000000000015,0,0,0,0,-6.081478939263167
1,80,9,0.006250000000000001,0,0,0,0,-5.861078130318034
1,80,9,0.006875000000000001,0,0,0,0,-5.726597723569854
1,80,9,0.0075000000000000015,0,0,0,0,-5.69089696378619
1,80,9,0.008125000000000002,0,0,0,0,-5.741161031695515
1,80,9,0.00875,0,0,0,0,-5.843125562300878
1,80,9,0.009375000000000001,0,0,0,0,-5.960913840868127
1,80,9,0.010000000000000002,0,0,0,0,-6.061423901363643
1,80,9,0.010625000000000002,0,0,0,0,-6.113487640406605
1,80,9,0.011250000000000003,0,0,0,0,-6.066194129045983
1,80,9,0.011875000000000002,0,0,0,0,-5.979534261106099
1,80,9,0.012500000000000002,0,0,0,0,-5.908545459684302
1,80,9,0.013125000000000003,0,0,0,0,-5.885667622785736
1,80,9,0.013750000000000002,0,0,0,0,-5.919138564326482
1,80,9,0.014375000000000002,0,0,0,0,-5.995713120896118
1,80,9,0.015000000000000003,0,0,0,0,-6.086100519311861
1,80,9,0.015625000000000003,0,0,0,0,-6.154806709038481
1,80,9,0.016250000000000004,0,0,0,0,-6.172757008740865
1,80,9,0.016875000000000005,0,0,0,0,-6.128264876785503
1,80,9,0.0175,0,0,0,0,-6.0420293426697205
1,80,9,0.018125000000000002,0,0,0,0,-5.9360150260500735
1,80,9,0.018750000000000003,0,0,0,0,-5.849858151877349
1,80,9,0.019375000000000003,0,0,0,0,-5.814101367204287
1,80,9,0.020000000000000004,0,0,0,0,-5.839681649027152
1,80,9,0.020625000000000004,0,0,0,0,-5.919541327708883
1,80,9,0.021250000000000005,0,0,0,0,-6.009554153208961
1,80,9,0.021875000000000006,0,0,0,0,-6.084882313965075
1,80,9,0.022500000000000006,0,0,0,0,-6.122234524206194
1,80,9,0.023125000000000003,0,0,0,0,-6.108955758035042
1,80,9,0.023750000000000004,0,0,0,0,-6.046073233242185
1,80,9,0.024375000000000004,0,0,0,0,-5.964913663871871
1,80,9,0.025000000000000005,0,0,0,0,-5.900257220914645
1,90,1,0,0,0,0,0,-0.012028473795967044
1,90,1,5.555555555555556E-4,0,0,0,0,-0.039652027393520105
1,90,1,0.0011111111111111111,0,0,0,0,-0.06574677167233578
1,90,1,0.0016666666666666666,0,0,0,0,-0.08142411459147625
1,90,1,0.0022222222222222222,0,0,0,0,-0.08875854029307648
1,90,1,0.002777777777777778,0,0,0,0,-0.09064449270755243
1,90,1,0.003333333333333333,0,0,0,0,-0.08957051351972058
1,90,1,0.0038888888888888888,0,0,0,0,-0.08692176578928269
1,90,1,0.0044444444444444444,0,0,0,0,-0.0832240201649214
1,90,1,0.005,0,0,0,0,-0.07929390332809766
1,90,1,0.005555555555555556,0,0,0,0,-0.07572159867019934
1,90,1,0.006111111111111111,0,0,0,0,-0.0729089448548594
1,90,1,0.006666666666666667,0,0,0,0,-0.07159295410624346
1,90,1,0.007222222222222223,0,0,0,0,-0.07160563076923565
1,90,1,0.007777777777777778,0,0,0,0,-0.07251700993873703
1,90,1,0.008333333333333333,0,0,0,0,-0.0737650291046978
1,90,1,0.008888888888888889,0,0,0,0,-0.07482290480188963
1,90,1,0.009444444444444445,0,0,0,0,-0.07539029259455272
1,90,1,0.01,0,0,0,0,-0.07540067934194102
1,90,1,0.010555555555555556,0,0,0,0,-0.0750412957100283
1,90,1,0.011111111111111112,0,0,0,0,-0.0746508169744797
1,90,1,0.011666666666666667,0,0,0,0,-0.07460024126740503
1,90,1,0.012222222222222223,0,0,0,0,-0.07509452818494461
1,90,1,0.012777777777777779,0,0,0,0,-0.07596946854972972
1,90,1,0.013333333333333332,0,0,0,0,-0.07701101755693071
1,90,1,0.013888888888888888,0,0,0,0,-0.0778335216230123
1,90,1,0.014444444444444444,0,0,0,0,-0.0776143236327473
1,90,1,0.015,0,0,0,0,-0.0767644904871016
1,90,1,0.015555555555555555,0,0,0,0,-0.07543860461673403
1,90,1,0.01611111111111111,0,0,0,0,-0.0739524233334616
1,90,1,0.016666666666666666,0,0,0,0,-0.07269694188315
1,90,1,0.017222222222222222,0,0,0,0,-0.07213654113717635
1,90,1,0.017777777777777778,0,0,0,0,-0.07236808571470937
1,90,1,0.018333333333333333,0,0,0,0,-0.07335162807767243
1,90,1,0.01888888888888889,0,0,0,0,-0.07476718420269182
1,90,1,0.019444444444444445,0,0,0,0,-0.07589003362379383
1,90,1,0.02,0,0,0,0,-0.0765166719676596
1,90,1,0.020555555555555556,0,0,0,0,-0.07655960901599548
1,90,1,0.021111111111111112,0,0,0,0,-0.07606709253898028
1,90,1,0.021666666666666667,0,0,0,0,-0.07522482572975395
1,90,1,0.022222222222222223,0,0,0,0,-0.07446895089453788
1,90,2,0,0,0,0,0,-0.04811389518386767
1,90,2,5.555555555555556E-4,0,0,0,0,-0.15729657759738835
1,90,2,0.0011111111111111111,0,0,0,0,-0.25103201806912095
1,90,2,0.0016666666666666666,0,0,0,0,-0.30770303384681824
1,90,2,0.0022222222222222222,0,0,0,0,-0.33604699987574277
1,90,2,0.002777777777777778,0,0,0,0,-0.34292926162984283
1,90,2,0.003333333333333333,0,0,0,0,-0.3379244971038247
1,90,2,0.0038888888888888888,0,0,0,0,-0.33039031299005195
1,90,2,0.0044444444444444444,0,0,0,0,-0.3194377361190931
1,90,2,0.005,0,0,0,0,-0.3072696515512207
1,90,2,0.005555555555555556,0,0,0,0,-0.2963588776075959
1,90,2,0.006111111111111111,0,0,0,0,-0.2887717952864387
1,90,2,0.006666666666666666,0,0,0,0,-0.28546772531096937
1,90,2,0.007222222222222222,0,0,0,0,-0.28637058348868444
1,90,2,0.0077777777777777776,0,0,0,0,-0.2902677937580884
1,90,2,0.008333333333333333,0,0,0,0,-0.29559699221288727
1,90,2,0.008888888888888889,0,0,0,0,-0.3003465113818648
1,90,2,0.009444444444444445,0,0,0,0,-0.3031607516267342
1,90,2,0.01,0,0,0,0,-0.3034840236722935
1,90,2,0.010555555555555556,0,0,0,0,-0.30159628673037475
1,90,2,0.011111111111111112,0,0,0,0,-0.2995847389733244
1,90,2,0.011666666666666665,0,0,0,0,-0.29886334802394204
1,90,2,0.012222222222222221,0,0,0,0,-0.3003448585489263
1,90,2,0.012777777777777777,0,0,0,0,-0.30339255890979666
1,90,2,0.013333333333333332,0,0,0,0,-0.30710901233729615
1,90,2,0.013888888888888888,0,0,0,0,-0.3100240913454973
1,90,2,0.014444444444444444,0,0,0,0,-0.31078449435622585
1,90,2,0.015,0,0,0,0,-0.308900005183852
1,90,2,0.015555555555555555,0,0,0,0,-0.30489160853533853
1,90,2,0.01611111111111111,0,0,0,0,-0.30010288214118674
1,90,2,0.016666666666666666,0,0,0,0,-0.2957109636924039
1,90,2,0.017222222222222222,0,0,0,0,-0.29146675458227683
1,90,2,0.017777777777777778,0,0,0,0,-0.28984336215905776
1,90,2,0.018333333333333333,0,0,0,0,-0.29126891691868373
1,90,2,0.01888888888888889,0,0,0,0,-0.29491679475158905
1,90,2,0.019444444444444445,0,0,0,0,-0.2993548451145977
1,90,2,0.02,0,0,0,0,-0.30322713628322895
1,90,2,0.020555555555555556,0,0,0,0,-0.3049794324169528
1,90,2,0.021111111111111112,0,0,0,0,-0.3044822412918392
1,90,2,0.021666666666666667,0,0,0,0,-0.3024799621780204
1,90,2,0.022222222222222223,0,0,0,0,-0.2992544774886363
1,90,3,0,0,0,0,0,-0.10825626416370247
1,90,3,5.555555555555556E-4,0,0,0,0,-0.35391729958616613
1,90,3,0.0011111111111111111,0,0,0,0,-0.5755917982111183
1,90,3,0.0016666666666666666,0,0,0,0,-0.7182996013444674
1,90,3,0.0022222222222222222,0,0,0,0,-0.7907539525838387
1,90,3,0.002777777777777778,0,0,0,0,-0.8130225453761478
1,90,3,0.003333333333333333,0,0,0,0,-0.803873564198734
1,90,3,0.0038888888888888888,0,0,0,0,-0.7759496533377184
1,90,3,0.0044444444444444444,0,0,0,0,-0.7397484485646365
1,90,3,0.005,0,0,0,0,-0.7029008338837984
1,90,3,0.005555555555555556,0,0,0,0,-0.6718003624331983
1,90,3,0.006111111111111111,0,0,0,0,-0.6508507776797147
1,90,3,0.006666666666666666,0,0,0,0,-0.6417091277397174
1,90,3,0.007222222222222222,0,0,0,0,-0.6433003106156103
1,90,3,0.0077777777777777776,0,0,0,0,-0.631672614460133
1,90,3,0.008333333333333333,0,0,0,0,-0.6061677079179586
1,90,3,0.008888888888888889,0,0,0,0,-0.596237005888226
1,90,3,0.009444444444444445,0,0,0,0,-0.5830235266764383
1,90,3,0.01,0,0,0,0,-0.5729053862914558
1,90,3,0.010555555555555556,0,0,0,0,-0.5660411838296519
1,90,3,0.011111111111111112,0,0,0,0,-0.5862807022112847
1,90,3,0.011666666666666667,0,0,0,0,-0.6143733597696802
1,90,3,0.012222222222222223,0,0,0,0,-0.6432921143851426
1,90,3,0.012777777777777779,0,0,0,0,-0.6683486197129627
1,90,3,0.013333333333333332,0,0,0,0,-0.6847037942328396
1,90,3,0.013888888888888888,0,0,0,0,-0.6967892066428513
1,90,3,0.014444444444444444,0,0,0,0,-0.7046285675340869
1,90,3,0.015,0,0,0,0,-0.7042884118910364
1,90,3,0.015555555555555555,0,0,0,0,-0.6961249960212231
1,90,3,0.01611111111111111,0,0,0,0,-0.6839291018726548
1,90,3,0.016666666666666666,0,0,0,0,-0.6696040731194446
1,90,3,0.017222222222222222,0,0,0,0,-0.6581866315754471
1,90,3,0.017777777777777778,0,0,0,0,-0.6546363593959071
1,90,3,0.018333333333333333,0,0,0,0,-0.6591316238364225
1,90,3,0.01888888888888889,0,0,0,0,-0.6684508518588074
1,90,3,0.019444444444444445,0,0,0,0,-0.678407461935934
1,90,3,0.02,0,0,0,0,-0.6851683801746894
1,90,3,0.020555555555555556,0,0,0,0,-0.6865271097096756
1,90,3,0.021111111111111112,0,0,0,0,-0.6826391850998598
1,90,3,0.021666666666666667,0,0,0,0,-0.6756620827346695
1,90,3,0.022222222222222223,0,0,0,0,-0.668977947732191
1,90,4,0,0,0,0,0,-0.19245558073547636
1,90,4,5.555555555555556E-4,0,0,0,0,-0.6344828839602898
1,90,4,0.0011111111111111111,0,0,0,0,-1.0523305668420035
1,90,4,0.0016666666666666666,0,0,0,0,-1.3039204656216983
1,90,4,0.0022222222222222222,0,0,0,0,-1.421632960883081
1,90,4,0.002777777777777778,0,0,0,0,-1.4559927937352384
1,90,4,0.003333333333333333,0,0,0,0,-1.437408998759941
1,90,4,0.0038888888888888888,0,0,0,0,-1.3885576233560628
1,90,4,0.0044444444444444444,0,0,0,0,-1.3250557953427151
1,90,4,0.005,0,0,0,0,-1.2589499454397028
1,90,4,0.005555555555555556,0,0,0,0,-1.1999951870573804
1,90,4,0.006111111111111111,0,0,0,0,-1.1617784201477899
1,90,4,0.006666666666666666,0,0,0,0,-1.1468313229532159
1,90,4,0.007222222222222222,0,0,0,0,-1.1515913011540548
1,90,4,0.0077777777777777776,0,0,0,0,-1.1691184898012354
1,90,4,0.008333333333333333,0,0,0,0,-1.1907942140415442
1,90,4,0.008888888888888889,0,0,0,0,-1.2088462219462177
1,90,4,0.009444444444444445,0,0,0,0,-1.218068292104932
1,90,4,0.01,0,0,0,0,-1.2159686740841196
1,90,4,0.010555555555555556,0,0,0,0,-1.2066570908168166
1,90,4,0.011111111111111112,0,0,0,0,-1.1969760078709895
1,90,4,0.011666666666666667,0,0,0,0,-1.193851001728564
1,90,4,0.012222222222222223,0,0,0,0,-1.1994448781647213
1,90,4,0.012777777777777779,0,0,0,0,-1.2121854515096944
1,90,4,0.013333333333333332,0,0,0,0,-1.22768832799644
1,90,4,0.013888888888888888,0,0,0,0,-1.239965315613458
1,90,4,0.014444444444444444,0,0,0,0,-1.2435017759339015
1,90,4,0.015,0,0,0,0,-1.235578585930715
1,90,4,0.015555555555555555,0,0,0,0,-1.2174867394031907
1,90,4,0.016111111111111104,0,0,0,0,-1.194494831849543
1,90,4,0.016666666666666666,0,0,0,0,-1.1734768454204498
1,90,4,0.017222222222222222,0,0,0,0,-1.161570715934967
1,90,4,0.017777777777777778,0,0,0,0,-1.1627272763777545
1,90,4,0.018333333333333333,0,0,0,0,-1.1748371644693898
1,90,4,0.01888888888888889,0,0,0,0,-1.193470606201827
1,90,4,0.019444444444444445,0,0,0,0,-1.210978053637292
1,90,4,0.02,0,0,0,0,-1.219180623228081
1,90,4,0.020555555555555556,0,0,0,0,-1.2272042338936358
1,90,4,0.021111111111111112,0,0,0,0,-1.2202838515536312
1,90,4,0.021666666666666667,0,0,0,0,-1.2046947069214913
1,90,4,0.022222222222222223,0,0,0,0,-1.1813382436520532
1,90,5,0,0,0,0,0,-0.30071184489915237
1,90,5,5.555555555555556E-4,0,0,0,0,-0.9913006848505218
1,90,5,0.0011111111111111111,0,0,0,0,-1.646833043915062
1,90,5,0.0016666666666666666,0,0,0,0,-2.037486223850029
1,90,5,0.0022222222222222222,0,0,0,0,-2.218152560216003
1,90,5,0.002777777777777778,0,0,0,0,-2.2593151215082434
1,90,5,0.003333333333333333,0,0,0,0,-2.2202160688785275
1,90,5,0.0038888888888888888,0,0,0,0,-2.136955229305608
1,90,5,0.0044444444444444444,0,0,0,0,-2.0375087026993395
1,90,5,0.005,0,0,0,0,-1.9376719056555618
1,90,5,0.005555555555555556,0,0,0,0,-1.851037543472352
1,90,5,0.006111111111111111,0,0,0,0,-1.8001850633963254
1,90,5,0.006666666666666666,0,0,0,0,-1.784082446679985
1,90,5,0.007222222222222222,0,0,0,0,-1.793105048946839
1,90,5,0.0077777777777777776,0,0,0,0,-1.8256555985301086
1,90,5,0.008333333333333333,0,0,0,0,-1.8642895895177314
1,90,5,0.008888888888888889,0,0,0,0,-1.894634637846388
1,90,5,0.009444444444444445,0,0,0,0,-1.9113374977072186
1,90,5,0.01,0,0,0,0,-1.90875523273986
1,90,5,0.010555555555555556,0,0,0,0,-1.8911136730845568
1,90,5,0.011111111111111112,0,0,0,0,-1.87533754003749
1,90,5,0.011666666666666667,0,0,0,0,-1.869983132809228
1,90,5,0.012222222222222223,0,0,0,0,-1.8761387401976963
1,90,5,0.012777777777777779,0,0,0,0,-1.8952936280431438
1,90,5,0.013333333333333332,0,0,0,0,-1.9186313309611274
1,90,5,0.013888888888888888,0,0,0,0,-1.9372090644924405
1,90,5,0.014444444444444444,0,0,0,0,-1.9420227107269834
1,90,5,0.015,0,0,0,0,-1.9291748884066173
1,90,5,0.015555555555555555,0,0,0,0,-1.900837950061094
1,90,5,0.01611111111111111,0,0,0,0,-1.8694433294376844
1,90,5,0.016666666666666666,0,0,0,0,-1.860310642993571
1,90,5,0.017222222222222222,0,0,0,0,-1.8836361241069202
1,90,5,0.017777777777777778,0,0,0,0,-1.9411673006504624
1,90,5,0.018333333333333333,0,0,0,0,-2.0181833336187736
1,90,5,0.01888888888888889,0,0,0,0,-2.12124033481081
1,90,5,0.019444444444444445,0,0,0,0,-2.243763565585712
1,90,5,0.02,0,0,0,0,-2.377438007439308
1,90,5,0.020555555555555556,0,0,0,0,-2.5168826895719607
1,90,5,0.021111111111111112,0,0,0,0,-2.6630455935810313
1,90,5,0.021666666666666667,0,0,0,0,-2.8179935475427276
1,90,5,0.022222222222222223,0,0,0,0,-2.9904202225135816
1,90,6,0,0,0,0,0,-0.4330250566548051
1,90,6,5.555555555555556E-4,0,0,0,0,-1.4274729861602447
1,90,6,0.0011111111111111111,0,0,0,0,-2.3756669064336915
1,90,6,0.0016666666666666666,0,0,0,0,-2.9356413631749096
1,90,6,0.0022222222222222227,0,0,0,0,-3.1978800670516634
1,90,6,0.002777777777777778,0,0,0,0,-3.2639565535208446
1,90,6,0.003333333333333333,0,0,0,0,-3.2187679892425782
1,90,6,0.0038888888888888888,0,0,0,0,-3.1142411740673093
1,90,6,0.0044444444444444444,0,0,0,0,-2.968457087046403
1,90,6,0.005,0,0,0,0,-2.8237493258258395
1,90,6,0.005555555555555556,0,0,0,0,-2.7024144149970097
1,90,6,0.006111111111111111,0,0,0,0,-2.6157990936869875
1,90,6,0.006666666666666666,0,0,0,0,-2.573168784894065
1,90,6,0.007222222222222222,0,0,0,0,-2.5771670880833293
1,90,6,0.0077777777777777776,0,0,0,0,-2.612339971248755
1,90,6,0.008333333333333333,0,0,0,0,-2.6588735008058917
1,90,6,0.008888888888888889,0,0,0,0,-2.6983616839740776
1,90,6,0.009444444444444445,0,0,0,0,-2.718003468197536
1,90,6,0.01,0,0,0,0,-2.7172799350491017
1,90,6,0.010555555555555556,0,0,0,0,-2.70372975756558
1,90,6,0.011111111111111112,0,0,0,0,-2.6895024671987757
1,90,6,0.011666666666666667,0,0,0,0,-2.6859367679276347
1,90,6,0.012222222222222223,0,0,0,0,-2.69911592219191
1,90,6,0.012777777777777779,0,0,0,0,-2.727326892877825
1,90,6,0.013333333333333332,0,0,0,0,-2.7614587497947154
1,90,6,0.013888888888888888,0,0,0,0,-2.7890338911912553
1,90,6,0.014444444444444444,0,0,0,0,-2.7964625216586616
1,90,6,0.015,0,0,0,0,-2.7782249334676825
1,90,6,0.015555555555555555,0,0,0,0,-2.740413950814913
1,90,6,0.01611111111111111,0,0,0,0,-2.7734916248439094
1,90,6,0.016666666666666666,0,0,0,0,-3.1770725377486064
1,90,6,0.017222222222222222,0,0,0,0,-4.4786596031534955
1,90,6,0.017777777777777778,0,0,0,0,-7.419952746279005
1,90,6,0.018333333333333333,0,0,0,0,-12.964802354418309
1,90,6,0.01888888888888889,0,0,0,0,-22.287794952860416
1,90,6,0.019444444444444445,0,0,0,0,-36.79437599089752
1,90,6,0.02,0,0,0,0,-58.119727048424245
1,90,6,0.020555555555555556,0,0,0,0,-88.13106580718907
1,90,6,0.021111111111111112,0,0,0,0,-128.9307969130429
1,90,6,0.021666666666666667,0,0,0,0,-182.85147249088436
1,90,6,0.022222222222222223,0,0,0,0,-252.46607251308112
1,90,7,0,0,0,0,0,-0.5893952160023554
1,90,7,5.555555555555556E-4,0,0,0,0,-1.9429493422906396
1,90,7,0.0011111111111111111,0,0,0,0,-3.2217532274319787
1,90,7,0.0016666666666666666,0,0,0,0,-3.992949075546134
1,90,7,0.0022222222222222222,0,0,0,0,-4.35011981079454
1,90,7,0.002777777777777778,0,0,0,0,-4.445835457797031
1,90,7,0.003333333333333333,0,0,0,0,-4.391650111156977
1,90,7,0.0038888888888888888,0,0,0,0,-4.237710885760494
1,90,7,0.0044444444444444444,0,0,0,0,-4.0272001978662235
1,90,7,0.005,0,0,0,0,-3.807717114058903
1,90,7,0.005555555555555556,0,0,0,0,-3.6320714648962817
1,90,7,0.006111111111111111,0,0,0,0,-3.5214647878982555
1,90,7,0.006666666666666666,0,0,0,0,-3.4837977149279378
1,90,7,0.007222222222222222,0,0,0,0,-3.5013566213854794
1,90,7,0.0077777777777777776,0,0,0,0,-3.5541453101111506
1,90,7,0.008333333333333333,0,0,0,0,-3.619447465482818
1,90,7,0.008888888888888889,0,0,0,0,-3.673412788170351
1,90,7,0.009444444444444445,0,0,0,0,-3.701461962047982
1,90,7,0.01,0,0,0,0,-3.7013140610213875
1,90,7,0.010555555555555556,0,0,0,0,-3.6826655557838723
1,90,7,0.011111111111111112,0,0,0,0,-3.6622252228719385
1,90,7,0.011666666666666667,0,0,0,0,-3.6565284974974186
1,90,7,0.012222222222222223,0,0,0,0,-3.683205798550945
1,90,7,0.012777777777777779,0,0,0,0,-3.747289541803142
1,90,7,0.013333333333333332,0,0,0,0,-3.8317600402579313
1,90,7,0.013888888888888888,0,0,0,0,-3.9240773237672335
1,90,7,0.014444444444444444,0,0,0,0,-3.9823648636134554
1,90,7,0.015,0,0,0,0,-3.9969675711897765
1,90,7,0.015555555555555555,0,0,0,0,-3.9932802820680404
1,90,7,0.01611111111111111,0,0,0,0,-3.9696624620257355
1,90,7,0.016666666666666666,0,0,0,0,-3.979605737206655
1,90,7,0.017222222222222222,0,0,0,0,-4.041557468729351
1,90,7,0.017777777777777778,0,0,0,0,-4.157496078435693
1,90,7,0.018333333333333333,0,0,0,0,-4.318769058757197
1,90,7,0.01888888888888889,0,0,0,0,-4.5088884697441936
1,90,7,0.019444444444444445,0,0,0,0,-4.70048054136546
1,90,7,0.02,0,0,0,0,-4.878586357777631
1,90,7,0.020555555555555556,0,0,0,0,-5.035370425853635
1,90,7,0.021111111111111112,0,0,0,0,-5.173606271498947
1,90,7,0.021666666666666667,0,0,0,0,-5.306001334210004
1,90,7,0.022222222222222223,0,0,0,0,-5.4500850186227
1,90,8,0,0,0,0,0,-0.7698223229418932
1,90,8,5.555555555555556E-4,0,0,0,0,-2.5377297530435805
1,90,8,0.0011111111111111111,0,0,0,0,-4.2077933859861005
1,90,8,0.0016666666666666666,0,0,0,0,-5.2111433321239335
1,90,8,0.0022222222222222222,0,0,0,0,-5.6814053260352
1,90,8,0.002777777777777778,0,0,0,0,-5.8125543783053155
1,90,8,0.003333333333333333,0,0,0,0,-5.736469210512678
1,90,8,0.0038888888888888888,0,0,0,0,-5.539853696607093
1,90,8,0.0044444444444444444,0,0,0,0,-5.276644696250584
1,90,8,0.005,0,0,0,0,-5.004382772174851
1,90,8,0.005555555555555556,0,0,0,0,-4.784271979560332
1,90,8,0.006111111111111111,0,0,0,0,-4.639877441774516
1,90,8,0.006666666666666666,0,0,0,0,-4.5741834282478155
1,90,8,0.007222222222222222,0,0,0,0,-4.582433708696997
1,90,8,0.0077777777777777776,0,0,0,0,-4.652527185291094
1,90,8,0.008333333333333333,0,0,0,0,-4.73979040726322
1,90,8,0.008888888888888889,0,0,0,0,-4.8062021030730415
1,90,8,0.009444444444444445,0,0,0,0,-4.839416893328329
1,90,8,0.01,0,0,0,0,-4.83548146164595
1,90,8,0.010555555555555556,0,0,0,0,-4.809423118970063
1,90,8,0.011111111111111112,0,0,0,0,-4.782550851036342
1,90,8,0.011666666666666667,0,0,0,0,-4.774969624207274
1,90,8,0.012222222222222223,0,0,0,0,-4.798405491610286
1,90,8,0.012777777777777779,0,0,0,0,-4.848923294750035
1,90,8,0.013333333333333332,0,0,0,0,-4.910322125292506
1,90,8,0.013888888888888888,0,0,0,0,-4.960802868508946
1,90,8,0.014444444444444444,0,0,0,0,-4.9804152821425545
1,90,8,0.015,0,0,0,0,-4.967635248449664
1,90,8,0.015555555555555555,0,0,0,0,-4.912409917229293
1,90,8,0.01611111111111111,0,0,0,0,-4.800889371543795
1,90,8,0.016666666666666666,0,0,0,0,-4.687936743307431
1,90,8,0.017222222222222222,0,0,0,0,-4.613668123394041
1,90,8,0.017777777777777778,0,0,0,0,-4.597787463104793
1,90,8,0.018333333333333333,0,0,0,0,-4.635823442519023
1,90,8,0.01888888888888889,0,0,0,0,-4.709510841391231
1,90,8,0.019444444444444445,0,0,0,0,-4.798336468604024
1,90,8,0.02,0,0,0,0,-4.867977983755531
1,90,8,0.020555555555555556,0,0,0,0,-4.900525929388802
1,90,8,0.021111111111111112,0,0,0,0,-4.892853780912329
1,90,8,0.021666666666666667,0,0,0,0,-4.839978822510348
1,90,8,0.022222222222222223,0,0,0,0,-4.780575017933539
1,90,9,0,0,0,0,0,-0.9743063774733213
1,90,9,5.555555555555556E-4,0,0,0,0,-3.2118142190429024
1,90,9,0.0011111111111111111,0,0,0,0,-5.325755335554079
1,90,9,0.0016666666666666666,0,0,0,0,-6.60058928848832
1,90,9,0.0022222222222222222,0,0,0,0,-7.1913946540219
1,90,9,0.002777777777777778,0,0,0,0,-7.339614595082929
1,90,9,0.003333333333333333,0,0,0,0,-7.226338909579915
1,90,9,0.0038888888888888888,0,0,0,0,-6.961985527878875
1,90,9,0.0044444444444444444,0,0,0,0,-6.6306804450843595
1,90,9,0.005,0,0,0,0,-6.307317931557699
1,90,9,0.005555555555555556,0,0,0,0,-6.0325821654218
1,90,9,0.006111111111111111,0,0,0,0,-5.840650811500028
1,90,9,0.006666666666666666,0,0,0,0,-5.7593819241964725
1,90,9,0.007222222222222222,0,0,0,0,-5.782322276142834
1,90,9,0.0077777777777777776,0,0,0,0,-5.884940685397963
1,90,9,0.008333333333333333,0,0,0,0,-6.014341569759705
1,90,9,0.008888888888888889,0,0,0,0,-6.122293249773405
1,90,9,0.009444444444444445,0,0,0,0,-6.181614007790706
1,90,9,0.01,0,0,0,0,-6.1744542418389745
1,90,9,0.010555555555555556,0,0,0,0,-6.1217285551941245
1,90,9,0.011111111111111112,0,0,0,0,-6.068231614433316
1,90,9,0.011666666666666667,0,0,0,0,-6.047973036518705
1,90,9,0.012222222222222223,0,0,0,0,-6.073200231207957
1,90,9,0.012777777777777779,0,0,0,0,-6.136252889828982
1,90,9,0.013333333333333332,0,0,0,0,-6.213667186606634
1,90,9,0.013888888888888888,0,0,0,0,-6.275021979278623
1,90,9,0.014444444444444444,0,0,0,0,-6.291612481159411
1,90,9,0.015,0,0,0,0,-6.250538917314789
1,90,9,0.015555555555555555,0,0,0,0,-6.158965369445445
1,90,9,0.01611111111111111,0,0,0,0,-127.04189261005743
1,90,9,0.016666666666666666,0,0,0,0,-667.3822801027278
1,90,9,0.017222222222222222,0,0,0,0,-1641.0361427769644
1,90,9,0.017777777777777778,0,0,0,0,-3048.013119099468
1,90,9,0.018333333333333333,0,0,0,0,-4888.286887717811
1,90,9,0.01888888888888889,0,0,0,0,-7161.831206231049
1,90,9,0.019444444444444445,0,0,0,0,-9868.635271345309
1,90,9,0.02,0,0,0,0,-13008.691053696562
1,90,9,0.020555555555555556,0,0,0,0,-16581.949942348798
1,90,9,0.021111111111111112,0,0,0,0,-20588.424182307495
1,90,9,0.021666666666666667,0,0,0,0,-25028.177160852112
1,90,9,0.022222222222222223,0,0,0,0,-29901.21062408681
1,100,1,0,0,0,0,0,-0.012028473774646244
1,100,1,5.0E-4,0,0,0,0,-0.03917670887434108
1,100,1,0.001,0,0,0,0,-0.06627342249837019
1,100,1,0.0015,0,0,0,0,-0.0834086198114912
1,100,1,0.002,0,0,0,0,-0.09184035541973333
1,100,1,0.0025,0,0,0,0,-0.09421541156679022
1,100,1,0.003,0,0,0,0,-0.09285123236532838
1,100,1,0.0035,0,0,0,0,-0.08960872997927709
1,100,1,0.004,0,0,0,0,-0.0852662736996713
1,100,1,0.0045000000000000005,0,0,0,0,-0.08068422075519255
1,100,1,0.005,0,0,0,0,-0.07664172441880385
1,100,1,0.0055,0,0,0,0,-0.07370023642518082
1,100,1,0.006,0,0,0,0,-0.07212694557208517
1,100,1,0.006500000000000001,0,0,0,0,-0.07163862514541082
1,100,1,0.007,0,0,0,0,-0.07218932688425854
1,100,1,0.0075,0,0,0,0,-0.07328187860968298
1,100,1,0.008,0,0,0,0,-0.07497267390960492
1,100,1,0.0085,0,0,0,0,-0.0783497042834913
1,100,1,0.009000000000000001,0,0,0,0,-0.08344028895042382
1,100,1,0.0095,0,0,0,0,-0.09035501203760365
1,100,1,0.01,0,0,0,0,-0.09929840659053209
1,100,1,0.0105,0,0,0,0,-0.11031451674600704
1,100,1,0.011,0,0,0,0,-0.1231146798214872
1,100,1,0.0115,0,0,0,0,-0.137529520515444
1,100,1,0.012,0,0,0,0,-0.15332217556404132
1,100,1,0.0125,0,0,0,0,-0.1699513820574496
1,100,1,0.013000000000000001,0,0,0,0,-0.18674688332925368
1,100,1,0.0135,0,0,0,0,-0.20301551395111678
1,100,1,0.014,0,0,0,0,-0.21817399854432956
1,100,1,0.0145,0,0,0,0,-0.23180082993168405
1,100,1,0.015,0,0,0,0,-0.24338357036834643
1,100,1,0.0155,0,0,0,0,-0.2523277609983778
1,100,1,0.016,0,0,0,0,-0.25768483320725694
1,100,1,0.0165,0,0,0,0,-0.2577424140731499
1,100,1,0.017,0,0,0,0,-0.25069199508489676
1,100,1,0.0175,0,0,0,0,-0.2340762901655295
1,100,1,0.018000000000000002,0,0,0,0,-0.20406372997660183
1,100,1,0.0185,0,0,0,0,-0.1567733784245838
1,100,1,0.019,0,0,0,0,-0.08466609226889071
1,100,1,0.0195,0,0,0,0,0.026028909630179474
1,100,1,0.02,0,0,0,0,0.1941294262414506
1,100,2,0,0,0,0,0,-0.048113895098583756
1,100,2,5.0E-4,0,0,0,0,-0.1561377156186839
1,100,2,0.001,0,0,0,0,-0.26634653234276784
1,100,2,0.0015,0,0,0,0,-0.3353590250254235
1,100,2,0.002,0,0,0,0,-0.3677437592700537
1,100,2,0.0025,0,0,0,0,-0.3766179759824114
1,100,2,0.003,0,0,0,0,-0.370964771620315
1,100,2,0.0035,0,0,0,0,-0.3568305244262067
1,100,2,0.004,0,0,0,0,-0.3385792021080581
1,100,2,0.0045000000000000005,0,0,0,0,-0.3199402163713805
1,100,2,0.005,0,0,0,0,-0.3038173682934297
1,100,2,0.0055,0,0,0,0,-0.29222754887419944
1,100,2,0.006,0,0,0,0,-0.28614365173394757
1,100,2,0.006500000000000001,0,0,0,0,-0.28545572432816757
1,100,2,0.007,0,0,0,0,-0.28866953268834294
1,100,2,0.0075,0,0,0,0,-0.2936776229879415
1,100,2,0.008,0,0,0,0,-0.29840703876831953
1,100,2,0.0085,0,0,0,0,-0.30070984627155267
1,100,2,0.009000000000000001,0,0,0,0,-0.3006983197353441
1,100,2,0.0095,0,0,0,0,-0.2998863323061375
1,100,2,0.01,0,0,0,0,-0.2987661179108872
1,100,2,0.0105,0,0,0,0,-0.2984427198663942
1,100,2,0.011,0,0,0,0,-0.2995954547400438
1,100,2,0.0115,0,0,0,0,-0.30218982564950136
1,100,2,0.012,0,0,0,0,-0.30545722932401814
1,100,2,0.0125,0,0,0,0,-0.30817106579014286
1,100,2,0.013000000000000001,0,0,0,0,-0.3091227541894843
1,100,2,0.0135,0,0,0,0,-0.3078688314153371
1,100,2,0.014,0,0,0,0,-0.30484816231736755
1,100,2,0.0145,0,0,0,0,-0.30057272629882326
1,100,2,0.015,0,0,0,0,-0.2965058501901487
1,100,2,0.0155,0,0,0,0,-0.29404837122185706
1,100,2,0.016,0,0,0,0,-0.29397765533458825
1,100,2,0.0165,0,0,0,0,-0.2964075160591977
1,100,2,0.017,0,0,0,0,-0.30061186031403797
1,100,2,0.0175,0,0,0,0,-0.30519170143403246
1,100,2,0.018000000000000002,0,0,0,0,-0.3077877148160569
1,100,2,0.0185,0,0,0,0,-0.3080931369556553
1,100,2,0.019,0,0,0,0,-0.30631882972192653
1,100,2,0.0195,0,0,0,0,-0.30342859029358915
1,100,2,0.02,0,0,0,0,-0.3005110470474396
1,100,3,0,0,0,0,0,-0.10825626397181287
1,100,3,5.0E-4,0,0,0,0,-0.35259037984747305
1,100,3,0.001,0,0,0,0,-0.5964608024646976
1,100,3,0.0015,0,0,0,0,-0.7506775782736335
1,100,3,0.002,0,0,0,0,-0.8265631987120261
1,100,3,0.0025,0,0,0,0,-0.8479387040032198
1,100,3,0.003,0,0,0,0,-0.8376808213754912
1,100,3,0.0035,0,0,0,0,-0.8052194827227038
1,100,3,0.004,0,0,0,0,-0.7628904598946462
1,100,3,0.0045000000000000005,0,0,0,0,-0.7206203594774017
1,100,3,0.005,0,0,0,0,-0.68443210866579
1,100,3,0.0055,0,0,0,0,-0.6583549355567061
1,100,3,0.006,0,0,0,0,-0.644217067279729
1,100,3,0.006500000000000001,0,0,0,0,-0.6417496716292856
1,100,3,0.007,0,0,0,0,-0.6481710496278761
1,100,3,0.0075,0,0,0,0,-0.6590335904901229
1,100,3,0.008,0,0,0,0,-0.6698119047778517
1,100,3,0.0085,0,0,0,0,-0.6772741597376967
1,100,3,0.009000000000000001,0,0,0,0,-0.6802480546302689
1,100,3,0.0095,0,0,0,0,-0.6804931131360827
1,100,3,0.01,0,0,0,0,-0.6804384190719898
1,100,3,0.0105,0,0,0,0,-0.6805645359201974
1,100,3,0.011,0,0,0,0,-0.6837223616812234
1,100,3,0.0115,0,0,0,0,-0.68793178314267
1,100,3,0.012,0,0,0,0,-0.6926404302810182
1,100,3,0.0125,0,0,0,0,-0.6963715716571165
1,100,3,0.013000000000000001,0,0,0,0,-0.6967281398235425
1,100,3,0.0135,0,0,0,0,-0.6917010455210584
1,100,3,0.014,0,0,0,0,-0.6840670655086314
1,100,3,0.0145,0,0,0,0,-0.6748966709885257
1,100,3,0.015,0,0,0,0,-0.6663023146219776
1,100,3,0.0155,0,0,0,0,-0.6614483304644538
1,100,3,0.016,0,0,0,0,-0.6619470442540945
1,100,3,0.0165,0,0,0,0,-0.6677300257168086
1,100,3,0.017,0,0,0,0,-0.677406134987272
1,100,3,0.0175,0,0,0,0,-0.6881437911111987
1,100,3,0.018000000000000002,0,0,0,0,-0.6937503186325823
1,100,3,0.0185,0,0,0,0,-0.6937819933255115
1,100,3,0.019,0,0,0,0,-0.6894690895331949
1,100,3,0.0195,0,0,0,0,-0.6834030803815412
1,100,3,0.02,0,0,0,0,-0.6763823032995827
1,100,4,0,0,0,0,0,-0.192455580394342
1,100,4,5.0E-4,0,0,0,0,-0.6268273419267625
1,100,4,0.001,0,0,0,0,-1.064997574121188
1,100,4,0.0015,0,0,0,0,-1.3411607203755924
1,100,4,0.002,0,0,0,0,-1.4716020737930025
1,100,4,0.0025,0,0,0,0,-1.506942651309647
1,100,4,0.003,0,0,0,0,-1.4837390048764754
1,100,4,0.0035,0,0,0,0,-1.4271678784638757
1,100,4,0.004,0,0,0,0,-1.3542138311118848
1,100,4,0.0045000000000000005,0,0,0,0,-1.279686742650785
1,100,4,0.005000000000000003,0,0,0,0,-1.2152227240067328
1,100,4,0.0055,0,0,0,0,-1.168854161477284
1,100,4,0.006,0,0,0,0,-1416.6798012985885
1,100,4,0.006500000000000001,0,0,0,0,-42411.66428974312
1,100,4,0.007,0,0,0,0,-259369.4452861867
1,100,4,0.0075,0,0,0,0,-898052.1954452461
1,100,4,0.008,0,0,0,0,-2313619.7642697874
1,100,4,0.0085,0,0,0,0,-4970629.67947426
1,100,4,0.009000000000000001,0,0,0,0,-9443037.15021191
1,100,4,0.0095,0,0,0,0,-1.6414195067610942E7
1,100,4,0.01,0,0,0,0,-2.6676853999406908E7
1,100,4,0.0105,0,0,0,0,-4.113316219213048E7
1,100,4,0.011,0,0,0,0,-6.0794665569910504E7
1,100,4,0.0115,0,0,0,0,-8.678230772166054E7
1,100,4,0.012,0,0,0,0,-1.2032642992090721E8
1,100,4,0.0125,0,0,0,0,-1.6276677111354843E8
1,100,4,0.013000000000000001,0,0,0,0,-2.1555246791619566E8
1,100,4,0.0135,0,0,0,0,-2.80242054626558E8
1,100,4,0.014,0,0,0,0,-3.5850346322649366E8
1,100,4,0.0145,0,0,0,0,-4.52114023373233E8
1,100,4,0.015,0,0,0,0,-5.629604624021373E8
1,100,4,0.0155,0,0,0,0,-6.930389053229334E8
1,100,4,0.016,0,0,0,0,-8.444548748248329E8
1,100,4,0.0165,0,0,0,0,-1.0194232912438788E9
1,100,4,0.017,0,0,0,0,-1.2202684726443717E9
1,100,4,0.0175,0,0,0,0,-1.4494241347219288E9
1,100,4,0.018000000000000002,0,0,0,0,-1.7094333909117424E9
1,100,4,0.0185,0,0,0,0,-2.0029487522708156E9
1,100,4,0.019,0,0,0,0,-2.3327321276647E9
1,100,4,0.0195,0,0,0,0,-2.7016548236212697E9
1,100,4,0.02,0,0,0,0,-3.112697544270923E9
1,100,5,0,0,0,0,0,-0.3007118443661383
1,100,5,5.0E-4,0,0,0,0,-0.9758607225904722
1,100,5,0.001,0,0,0,0,-1.6646658270183528
1,100,5,0.0015,0,0,0,0,-2.095993906302848
1,100,5,0.002,0,0,0,0,-2.2983984954139127
1,100,5,0.0025,0,0,0,0,-2.353862349967845
1,100,5,0.003,0,0,0,0,-2.318529822582769
1,100,5,0.0035,0,0,0,0,-2.2298619503218275
1,100,5,0.004,0,0,0,0,-2.1158250143827626
1,100,5,0.0045000000000000005,0,0,0,0,-1.999542665470891
1,100,5,0.005,0,0,0,0,-1.8988008827661096
1,100,5,0.0055,0,0,0,0,-1.8263460960225155
1,100,5,0.006,0,0,0,0,-1.7879699804823226
1,100,5,0.006500000000000001,0,0,0,0,-1.7821842825710243
1,100,5,0.007,0,0,0,0,-1.802835387198838
1,100,5,0.0075,0,0,0,0,-1.8363860473671092
1,100,5,0.008,0,0,0,0,-1.868055332924856
1,100,5,0.0085,0,0,0,0,-1.8864277150181972
1,100,5,0.009000000000000001,0,0,0,0,-1.888189725135851
1,100,5,0.0095,0,0,0,0,-1.8795659823508784
1,100,5,0.01,0,0,0,0,-1.8697780124972165
1,100,5,0.0105,0,0,0,0,-1.8658763549721706
1,100,5,0.011,0,0,0,0,-1.8718804856867912
1,100,5,0.0115,0,0,0,0,-1.8873861464148902
1,100,5,0.012,0,0,0,0,-1.9074429225776117
1,100,5,0.0125,0,0,0,0,-1.924296628922511
1,100,5,0.013000000000000001,0,0,0,0,-1.9303407828750578
1,100,5,0.0135,0,0,0,0,-1.920975875142914
1,100,5,0.014,0,0,0,0,-1.902276509713485
1,100,5,0.0145,0,0,0,0,-1.8772292031810058
1,100,5,0.015,0,0,0,0,-1.853216311718971
1,100,5,0.0155,0,0,0,0,-1.8391516795368938
1,100,5,0.016,0,0,0,0,-1.839688175370698
1,100,5,0.0165,0,0,0,0,-1.855198738994714
1,100,5,0.017,0,0,0,0,-1.881687230259537
1,100,5,0.0175,0,0,0,0,-1.9107108108728454
1,100,5,0.018000000000000002,0,0,0,0,-1.9260770663098155
1,100,5,0.0185,0,0,0,0,-1.9268654949285977
1,100,5,0.019,0,0,0,0,-1.9152959211100133
1,100,5,0.0195,0,0,0,0,-1.89758329443271
1,100,5,0.02,0,0,0,0,-1.8785605918680632
1,100,6,0,0,0,0,0,-0.4330250558872645
1,100,6,5.0E-4,0,0,0,0,-1.4103615192931733
1,100,6,0.001,0,0,0,0,-2.3861226253110157
1,100,6,0.0015,0,0,0,0,-3.0073461512528596
1,100,6,0.002,0,0,0,0,-3.3083751480505357
1,100,6,0.0025,0,0,0,0,-3.3955447633860856
1,100,6,0.003,0,0,0,0,-3.351634455705397
1,100,6,0.0035,0,0,0,0,-3.22507783250713
1,100,6,0.004,0,0,0,0,-3.0552643195326876
1,100,6,0.0045000000000000005,0,0,0,0,-2.880183395239475
1,100,6,0.005,0,0,0,0,-2.7295152495571724
1,100,6,0.0055,0,0,0,0,-2.626332549185066
1,100,6,0.006,0,0,0,0,-2.5747227469434133
1,100,6,0.006500000000000001,0,0,0,0,-2.5682051107366766
1,100,6,0.007,0,0,0,0,-2.5957935872854767
1,100,6,0.0075,0,0,0,0,-2.640511179576588
1,100,6,0.008,0,0,0,0,-2.6842844925604266
1,100,6,0.0085,0,0,0,0,-2.7138126978596175
1,100,6,0.009000000000000001,0,0,0,0,-2.725032884736516
1,100,6,0.0095,0,0,0,0,-2.721609097679524
1,100,6,0.01,0,0,0,0,-2.7135709922883113
1,100,6,0.0105,0,0,0,0,-2.713171583249843
1,100,6,0.011,0,0,0,0,-2.7288712962060444
1,100,6,0.0115,0,0,0,0,-2.7551648056998634
1,100,6,0.012,0,0,0,0,-2.782620866304361
1,100,6,0.0125,0,0,0,0,-2.798784674697011
1,100,6,0.013000000000000001,0,0,0,0,-2.799353486651718
1,100,6,0.0135,0,0,0,0,-2.7788993397965487
1,100,6,0.014,0,0,0,0,-2.7392503544158227
1,100,6,0.0145,0,0,0,0,-2.688895512468039
1,100,6,0.015,0,0,0,0,-2.6409568202333022
1,100,6,0.0155,0,0,0,0,-2.6085201076295075
1,100,6,0.016,0,0,0,0,-2.6000153434909925
1,100,6,0.0165,0,0,0,0,-2.6161637514649847
1,100,6,0.017,0,0,0,0,-2.649742326299421
1,100,6,0.0175,0,0,0,0,-2.692787310717803
1,100,6,0.018000000000000002,0,0,0,0,-2.731359531711725
1,100,6,0.0185,0,0,0,0,-2.75267718910362
1,100,6,0.019,0,0,0,0,-2.755135533897302
1,100,6,0.0195,0,0,0,0,-2.743106280544288
1,100,6,0.02,0,0,0,0,-2.7262350129250956
1,100,7,0,0,0,0,0,-0.5893952149576644
1,100,7,5.0E-4,0,0,0,0,-1.9196587347216878
1,100,7,0.001,0,0,0,0,-3.2615550709034866
1,100,7,0.0015,0,0,0,0,-4.107304706213255
1,100,7,0.002,0,0,0,0,-4.50678135087852
1,100,7,0.0025,0,0,0,0,-4.615011869321997
1,100,7,0.003,0,0,0,0,-4.543950701762117
1,100,7,0.0035,0,0,0,0,-4.3707016275440935
1,100,7,0.004,0,0,0,0,-4.147388516989039
1,100,7,0.0045000000000000005,0,0,0,0,-3.918812222997531
1,100,7,0.005,0,0,0,0,-3.7215317933772614
1,100,7,0.005500000000000003,0,0,0,0,-3.579670194492323
1,100,7,0.006,0,0,0,0,-3.5046747389269504
1,100,7,0.006500000000000001,0,0,0,0,-3.497399413394146
1,100,7,0.007,0,0,0,0,-3.5398688316833993
1,100,7,0.0075,0,0,0,0,-3.5994169289553213
1,100,7,0.008,0,0,0,0,-3.6585598967116373
1,100,7,0.0085,0,0,0,0,-3.6904010080011793
1,100,7,0.009000000000000001,0,0,0,0,-3.6944875580377854
1,100,7,0.0095,0,0,0,0,-3.68186571524329
1,100,7,0.01,0,0,0,0,-3.665578216501159
1,100,7,0.0105,0,0,0,0,-3.6588949979164713
1,100,7,0.011,0,0,0,0,-3.670400831948558
1,100,7,0.0115,0,0,0,0,-3.699885323353994
1,100,7,0.012,0,0,0,0,-3.7380734980705688
1,100,7,0.0125,0,0,0,0,-3.770031113812404
1,100,7,0.013000000000000001,0,0,0,0,-3.7809736224787858
1,100,7,0.0135,0,0,0,0,-3.759724414438459
1,100,7,0.014,0,0,0,0,-3.7218679005621547
1,100,7,0.0145,0,0,0,0,-3.673779250617656
1,100,7,0.015,0,0,0,0,-3.62745652612968
1,100,7,0.0155,0,0,0,0,-3.6004513805015836
1,100,7,0.016,0,0,0,0,-3.601953894416691
1,100,7,0.0165,0,0,0,0,-3.6320122250698446
1,100,7,0.017,0,0,0,0,-3.683139511118684
1,100,7,0.0175,0,0,0,0,-3.7400491494139665
1,100,7,0.018000000000000002,0,0,0,0,-3.7691569890018313
1,100,7,0.0185,0,0,0,0,-3.7681443926300915
1,100,7,0.019,0,0,0,0,-3.7436596797050323
1,100,7,0.0195,0,0,0,0,-3.709870394343972
1,100,7,0.02,0,0,0,0,-3.6710027257139815
1,100,8,0,0,0,0,0,-0.7698223215773669
1,100,8,5.0E-4,0,0,0,0,-2.507309367701212
1,100,8,0.001,0,0,0,0,-4.251087847356124
1,100,8,0.0015,0,0,0,0,-5.343578534301018
1,100,8,0.002,0,0,0,0,-5.877069213908112
1,100,8,0.0025,0,0,0,0,-6.038971973354673
1,100,8,0.003,0,0,0,0,-5.97237112202208
1,100,8,0.0035,0,0,0,0,-5.743287255999211
1,100,8,0.004,0,0,0,0,-5.421919192603356
1,100,8,0.0045000000000000005,0,0,0,0,-5.112612673371902
1,100,8,0.005,0,0,0,0,-4.866108833073018
1,100,8,0.0055,0,0,0,0,-4.696497830403222
1,100,8,0.006,0,0,0,0,-4.609527478488079
1,100,8,0.006500000000000001,0,0,0,0,-4.600465863332384
1,100,8,0.007,0,0,0,0,-4.650140626026327
1,100,8,0.0075,0,0,0,0,-4.721649556975237
1,100,8,0.008,0,0,0,0,-4.787088711608864
1,100,8,0.0085,0,0,0,0,-4.8293268943383465
1,100,8,0.009000000000000001,0,0,0,0,-4.843178930306237
1,100,8,0.0095,0,0,0,0,-4.835455390391209
1,100,8,0.01,0,0,0,0,-4.821667945877894
1,100,8,0.0105,0,0,0,0,-4.827766835128693
1,100,8,0.011,0,0,0,0,-4.859877403829154
1,100,8,0.0115,0,0,0,0,-4.913381964985805
1,100,8,0.012,0,0,0,0,-4.973942719521061
1,100,8,0.0125,0,0,0,0,-5.021497404476188
1,100,8,0.013000000000000001,0,0,0,0,-5.0294193987091536
1,100,8,0.0135,0,0,0,0,-4.990697601232586
1,100,8,0.014,0,0,0,0,-4.914440807734445
1,100,8,0.0145,0,0,0,0,-4.8203674205093305
1,100,8,0.015,0,0,0,0,-4.733214970633247
1,100,8,0.0155,0,0,0,0,-4.675936533867881
1,100,8,0.016,0,0,0,0,-4.662463855189454
1,100,8,0.0165,0,0,0,0,-4.693805460449996
1,100,8,0.017,0,0,0,0,-4.7559470646939825
1,100,8,0.0175,0,0,0,0,-4.83294227441668
1,100,8,0.018000000000000002,0,0,0,0,-4.908209199103404
1,100,8,0.0185,0,0,0,0,-4.967252194730177
1,100,8,0.019,0,0,0,0,-4.9937574011607895
1,100,8,0.0195,0,0,0,0,-4.99156225530448
1,100,8,0.02,0,0,0,0,-5.032044087133282
1,100,9,0,0,0,0,0,-0.9743063757463123
1,100,9,5.0E-4,0,0,0,0,-3.1733134185335956
1,100,9,0.001,0,0,0,0,-5.368147222202388
1,100,9,0.0015,0,0,0,0,-6.756098204381088
1,100,9,0.002,0,0,0,0,-7.439068788489216
1,100,9,0.0025,0,0,0,0,-7.631448336047172
1,100,9,0.003,0,0,0,0,-7.518232898549579
1,100,9,0.0035,0,0,0,0,-7.242602430598704
1,100,9,0.004,0,0,0,0,-6.907644681086792
1,100,9,0.0045000000000000005,0,0,0,0,-6.552262528749976
1,100,9,0.005,0,0,0,0,-6.228271696787382
1,100,9,0.0055,0,0,0,0,-5.983939684678449
1,100,9,0.006,0,0,0,0,-5.856783067619442
1,100,9,0.006500000000000001,0,0,0,0,-5.839589706132551
1,100,9,0.007,0,0,0,0,-5.902518642934975
1,100,9,0.0075,0,0,0,0,-6.004175433893713
1,100,9,0.008,0,0,0,0,-6.089530944908439
1,100,9,0.0085,0,0,0,0,-6.134498613639408
1,100,9,0.009000000000000001,0,0,0,0,-6.14515924755048
1,100,9,0.0095,0,0,0,0,-6.127729048883827
1,100,9,0.01,0,0,0,0,-6.103844326457655
1,100,9,0.0105,0,0,0,0,-6.097801712262159
1,100,9,0.011,0,0,0,0,-6.12386297595316
1,100,9,0.0115,0,0,0,0,-6.178782481882908
1,100,9,0.012,0,0,0,0,-6.248243030429311
1,100,9,0.0125,0,0,0,0,-6.304202124635601
1,100,9,0.013000000000000001,0,0,0,0,-6.322087368068792
1,100,9,0.0135,0,0,0,0,-6.287976825221637
1,100,9,0.014,0,0,0,0,-6.207159111333183
1,100,9,0.0145,0,0,0,0,-6.104379841082249
1,100,9,0.015,0,0,0,0,-6.011068533515421
1,100,9,0.0155,0,0,0,0,-5.945584161317254
1,100,9,0.016,0,0,0,0,-5.913620377634553
1,100,9,0.0165,0,0,0,0,-5.924213091457136
1,100,9,0.017,0,0,0,0,-5.985573091332843
1,100,9,0.0175,0,0,0,0,-6.056240504163417
1,100,9,0.018000000000000002,0,0,0,0,-6.111454683874333
1,100,9,0.0185,0,0,0,0,-6.123744790642012
1,100,9,0.019,0,0,0,0,-6.119040295702
1,100,9,0.0195,0,0,0,0,-6.09236501891495
1,100,9,0.02,0,0,0,0,-6.070598606013854
